cod_id,round_trip,outcome,classification,n_atoms,file_bytes,parse_ms,roundtrip_ms,sg_original,sg_final,sg_declared,has_partial_occ,has_oxidation,has_refln_block,has_semicolon_text,has_split_site,crystal_system,max_length_dev_A,max_angle_dev_deg,volume_rel_dev,max_site_dev_A,notes,error_detail
2000022,A,PASS,organic_or_metalorganic,492,8279,1.4053,2.0872,1,1,148,false,false,false,true,false,Triclinic,0.000e0,0.000e0,0.000e0,1.208e-5,,
2000022,B,PASS,organic_or_metalorganic,492,8279,1.4053,4.0420,1,1,148,false,false,false,true,false,Triclinic,0.000e0,0.000e0,0.000e0,1.208e-5,,
2000042,A,PASS,organic_or_metalorganic,608,7438,0.9653,2.6250,86,86,86,false,false,false,true,false,Tetragonal,0.000e0,0.000e0,0.000e0,6.641e-15,,
2000042,B,PASS,organic_or_metalorganic,608,7438,0.9653,5.1211,86,86,86,false,false,false,true,false,Tetragonal,0.000e0,0.000e0,0.000e0,6.641e-15,,
2000420,A,PASS,inorganic,72,3331,0.1113,0.4089,86,86,86,false,false,false,true,false,Tetragonal,0.000e0,0.000e0,0.000e0,2.313e-15,,
2000420,B,PASS,inorganic,72,3331,0.1113,0.8044,86,86,86,false,false,false,true,false,Tetragonal,0.000e0,0.000e0,0.000e0,2.313e-15,,
2000488,A,PASS,inorganic,30,7244,0.1550,0.1777,166,166,166,true,false,true,true,false,Trigonal,0.000e0,0.000e0,0.000e0,1.271e-5,,
2000488,B,LOSS_OCCUPANCY_EXPECTED,inorganic,30,7244,0.1550,0.3665,166,166,166,true,false,true,true,false,Trigonal,0.000e0,0.000e0,0.000e0,1.271e-5,LOSS_OCCUPANCY_EXPECTED,
2000531,A,PASS,organic_or_metalorganic,464,4194,0.3240,1.8981,110,110,110,false,false,false,true,false,Tetragonal,0.000e0,0.000e0,0.000e0,3.987e-15,,
2000531,B,PASS,organic_or_metalorganic,464,4194,0.3240,3.6831,110,110,110,false,false,false,true,false,Tetragonal,0.000e0,0.000e0,0.000e0,3.987e-15,,
2000695,A,PASS,organic_or_metalorganic,864,4651,1.3736,3.6709,1,1,148,false,false,false,true,false,Triclinic,0.000e0,0.000e0,0.000e0,1.938e-5,,
2000695,B,PASS,organic_or_metalorganic,864,4651,1.3736,7.1102,1,1,148,false,false,false,true,false,Triclinic,0.000e0,0.000e0,0.000e0,1.938e-5,,
2001129,A,PASS,inorganic,24,2728,0.0873,0.2664,88,88,88,false,false,false,true,false,Tetragonal,0.000e0,0.000e0,0.000e0,1.878e-15,,
2001129,B,PASS,inorganic,24,2728,0.0873,0.3761,88,88,88,false,false,false,true,false,Tetragonal,0.000e0,0.000e0,0.000e0,1.878e-15,,
2001132,A,PASS,inorganic,88,7642,0.0965,0.4852,76,76,76,false,false,true,true,false,Tetragonal,0.000e0,0.000e0,0.000e0,5.413e-15,,
2001132,B,PASS,inorganic,88,7642,0.0965,1.6744,76,76,76,false,false,true,true,false,Tetragonal,0.000e0,0.000e0,0.000e0,5.413e-15,,
2001431,A,PASS,inorganic,12,4913,0.0461,0.0881,160,160,,false,false,true,true,false,Trigonal,0.000e0,0.000e0,0.000e0,0.000e0,,
2001431,B,PASS,inorganic,12,4913,0.0461,0.1773,160,160,,false,false,true,true,false,Trigonal,0.000e0,0.000e0,0.000e0,0.000e0,,
2001446,A,PASS,organic_or_metalorganic,312,13039,0.2890,1.4090,114,114,114,false,false,true,true,false,Tetragonal,0.000e0,0.000e0,0.000e0,4.086e-15,,
2001446,B,PASS,organic_or_metalorganic,312,13039,0.2890,2.6060,114,114,114,false,false,true,true,false,Tetragonal,0.000e0,0.000e0,0.000e0,4.086e-15,,
2001543,A,PASS,organic_or_metalorganic,90,8176,0.1003,0.3999,114,114,114,false,false,true,true,false,Tetragonal,0.000e0,0.000e0,0.000e0,2.794e-15,,
2001543,B,PASS,organic_or_metalorganic,90,8176,0.1003,0.7805,114,114,114,false,false,true,true,false,Tetragonal,0.000e0,0.000e0,0.000e0,2.794e-15,,
2002165,A,PASS,inorganic,116,3710,0.1957,0.6429,135,135,135,false,true,false,true,false,Tetragonal,0.000e0,0.000e0,0.000e0,3.034e-15,,
2002165,B,LOSS_OXIDATION_EXPECTED,inorganic,116,3710,0.1957,1.0000,135,135,135,false,true,false,true,false,Tetragonal,0.000e0,0.000e0,0.000e0,3.034e-15,LOSS_OXIDATION_EXPECTED,
2002168,A,PASS,inorganic,68,3864,0.0718,0.3119,9,9,159,false,true,false,true,false,Monoclinic,0.000e0,0.000e0,0.000e0,5.599e-15,,
2002168,B,LOSS_OXIDATION_EXPECTED,inorganic,68,3864,0.0718,0.5994,9,9,159,false,true,false,true,false,Monoclinic,0.000e0,0.000e0,0.000e0,5.599e-15,LOSS_OXIDATION_EXPECTED,
2002215,A,PASS,inorganic,20,2630,0.0734,0.1387,141,141,141,false,true,false,true,false,Tetragonal,0.000e0,0.000e0,0.000e0,2.793e-16,,
2002215,B,LOSS_OXIDATION_EXPECTED,inorganic,20,2630,0.0734,0.2662,141,141,141,false,true,false,true,false,Tetragonal,0.000e0,0.000e0,0.000e0,2.793e-16,LOSS_OXIDATION_EXPECTED,
2002219,A,PASS,inorganic,28,2287,0.0451,0.1364,108,108,108,false,true,false,true,false,Tetragonal,0.000e0,0.000e0,0.000e0,6.560e-16,,
2002219,B,LOSS_OXIDATION_EXPECTED,inorganic,28,2287,0.0451,0.2753,108,108,108,false,true,false,true,false,Tetragonal,0.000e0,0.000e0,0.000e0,6.560e-16,LOSS_OXIDATION_EXPECTED,
2002233,A,PASS,inorganic,28,2354,0.0405,0.1373,79,79,79,false,true,false,true,false,Tetragonal,0.000e0,0.000e0,0.000e0,1.945e-15,,
2002233,B,LOSS_OXIDATION_EXPECTED,inorganic,28,2354,0.0405,0.2800,79,79,79,false,true,false,true,false,Tetragonal,0.000e0,0.000e0,0.000e0,1.945e-15,LOSS_OXIDATION_EXPECTED,
2002286,A,PASS,inorganic,10,2452,0.0488,0.0765,63,63,194,true,true,false,true,false,Orthorhombic,0.000e0,0.000e0,0.000e0,7.880e-16,,
2002286,B,LOSS_OCCUPANCY_EXPECTED,inorganic,10,2452,0.0488,0.1541,63,63,194,true,true,false,true,false,Orthorhombic,0.000e0,0.000e0,0.000e0,7.880e-16,LOSS_OCCUPANCY_EXPECTED; LOSS_OXIDATION_EXPECTED,
2002315,A,PASS,inorganic,42,2426,0.0489,0.2490,4,4,173,false,true,false,true,false,Monoclinic,0.000e0,0.000e0,0.000e0,2.248e-15,,
2002315,B,LOSS_OXIDATION_EXPECTED,inorganic,42,2426,0.0489,0.4977,4,4,173,false,true,false,true,false,Monoclinic,0.000e0,0.000e0,0.000e0,2.248e-15,LOSS_OXIDATION_EXPECTED,
2002354,A,PASS,inorganic,104,2797,0.1082,0.4620,142,142,142,false,true,false,true,false,Tetragonal,0.000e0,0.000e0,0.000e0,1.384e-15,,
2002354,B,LOSS_OXIDATION_EXPECTED,inorganic,104,2797,0.1082,0.9141,142,142,142,false,true,false,true,false,Tetragonal,0.000e0,0.000e0,0.000e0,1.384e-15,LOSS_OXIDATION_EXPECTED,
2002370,A,PASS,inorganic,18,2446,0.0735,0.1193,127,127,127,false,true,false,true,false,Tetragonal,0.000e0,0.000e0,0.000e0,1.122e-15,,
2002370,B,LOSS_OXIDATION_EXPECTED,inorganic,18,2446,0.0735,0.1863,127,127,127,false,true,false,true,false,Tetragonal,0.000e0,0.000e0,0.000e0,1.122e-15,LOSS_OXIDATION_EXPECTED,
2002371,A,PASS,inorganic,18,2445,0.0564,0.0951,127,127,127,false,true,false,true,false,Tetragonal,0.000e0,0.000e0,0.000e0,1.110e-15,,
2002371,B,LOSS_OXIDATION_EXPECTED,inorganic,18,2445,0.0564,0.1880,127,127,127,false,true,false,true,false,Tetragonal,0.000e0,0.000e0,0.000e0,1.110e-15,LOSS_OXIDATION_EXPECTED,
2002387,A,PASS,inorganic,24,2765,0.0571,0.1553,11,11,176,true,true,false,true,false,Monoclinic,0.000e0,0.000e0,0.000e0,2.270e-15,,
2002387,B,LOSS_OCCUPANCY_EXPECTED,inorganic,24,2765,0.0571,0.3084,11,11,176,true,true,false,true,false,Monoclinic,0.000e0,0.000e0,0.000e0,2.270e-15,LOSS_OCCUPANCY_EXPECTED; LOSS_OXIDATION_EXPECTED,
2002405,A,PASS,inorganic,24,2800,0.0395,0.1205,176,176,176,true,true,false,true,false,Hexagonal,0.000e0,0.000e0,0.000e0,2.208e-15,,
2002405,B,LOSS_OCCUPANCY_EXPECTED,inorganic,24,2800,0.0395,0.2386,176,176,176,true,true,false,true,false,Hexagonal,0.000e0,0.000e0,0.000e0,2.208e-15,LOSS_OCCUPANCY_EXPECTED; LOSS_OXIDATION_EXPECTED,
2002418,A,PASS,inorganic,22,2590,0.1652,0.1478,139,139,139,false,true,false,true,false,Tetragonal,0.000e0,0.000e0,0.000e0,6.024e-16,,
2002418,B,LOSS_OXIDATION_EXPECTED,inorganic,22,2590,0.1652,0.2848,139,139,139,false,true,false,true,false,Tetragonal,0.000e0,0.000e0,0.000e0,6.024e-16,LOSS_OXIDATION_EXPECTED,
2002422,A,PASS,inorganic,30,2410,0.0472,0.1874,15,15,165,false,true,false,true,false,Monoclinic,0.000e0,0.000e0,0.000e0,3.119e-15,,
2002422,B,LOSS_OXIDATION_EXPECTED,inorganic,30,2410,0.0472,0.3676,15,15,165,false,true,false,true,false,Monoclinic,0.000e0,0.000e0,0.000e0,3.119e-15,LOSS_OXIDATION_EXPECTED,
2002433,A,PASS,inorganic,18,2379,0.0734,0.1534,136,136,136,false,true,false,true,false,Tetragonal,0.000e0,0.000e0,0.000e0,7.409e-16,,
2002433,B,LOSS_OXIDATION_EXPECTED,inorganic,18,2379,0.0734,0.2084,136,136,136,false,true,false,true,false,Tetragonal,0.000e0,0.000e0,0.000e0,7.409e-16,LOSS_OXIDATION_EXPECTED,
2002466,A,PASS,inorganic,24,2717,0.1073,0.1613,139,139,139,false,true,false,true,false,Tetragonal,0.000e0,0.000e0,0.000e0,1.141e-15,,
2002466,B,LOSS_OXIDATION_EXPECTED,inorganic,24,2717,0.1073,0.3081,139,139,139,false,true,false,true,false,Tetragonal,0.000e0,0.000e0,0.000e0,1.141e-15,LOSS_OXIDATION_EXPECTED,
2002504,A,PASS,inorganic,18,2407,0.0545,0.2048,127,127,127,false,true,false,true,false,Tetragonal,0.000e0,0.000e0,0.000e0,9.584e-16,,
2002504,B,LOSS_OXIDATION_EXPECTED,inorganic,18,2407,0.0545,0.2391,127,127,127,false,true,false,true,false,Tetragonal,0.000e0,0.000e0,0.000e0,9.584e-16,LOSS_OXIDATION_EXPECTED,
2002509,A,PASS,inorganic,36,2644,0.1011,0.1770,140,140,140,false,true,false,true,false,Tetragonal,0.000e0,0.000e0,0.000e0,7.521e-16,,
2002509,B,LOSS_OXIDATION_EXPECTED,inorganic,36,2644,0.1011,0.3444,140,140,140,false,true,false,true,false,Tetragonal,0.000e0,0.000e0,0.000e0,7.521e-16,LOSS_OXIDATION_EXPECTED,
2002556,A,PASS,inorganic,76,2664,0.1001,0.4000,87,87,87,false,true,false,true,false,Tetragonal,0.000e0,0.000e0,0.000e0,3.129e-15,,
2002556,B,LOSS_OXIDATION_EXPECTED,inorganic,76,2664,0.1001,0.7360,87,87,87,false,true,false,true,false,Tetragonal,0.000e0,0.000e0,0.000e0,3.129e-15,LOSS_OXIDATION_EXPECTED,
2002576,A,PASS,inorganic,12,2213,0.0256,0.0899,145,145,154,false,true,false,true,false,Trigonal,0.000e0,0.000e0,0.000e0,6.330e-6,,
2002576,B,LOSS_OXIDATION_EXPECTED,inorganic,12,2213,0.0256,0.1863,145,145,154,false,true,false,true,false,Trigonal,0.000e0,0.000e0,0.000e0,6.330e-6,LOSS_OXIDATION_EXPECTED,
2002599,A,PASS,inorganic,48,2543,0.1322,0.2863,146,146,146,false,true,false,true,false,Trigonal,0.000e0,0.000e0,0.000e0,9.140e-6,,
2002599,B,LOSS_OXIDATION_EXPECTED,inorganic,48,2543,0.1322,0.4363,146,146,146,false,true,false,true,false,Trigonal,0.000e0,0.000e0,0.000e0,9.140e-6,LOSS_OXIDATION_EXPECTED,
2002739,A,PASS,inorganic,30,2948,0.0808,0.1959,11,11,194,false,true,false,true,false,Monoclinic,0.000e0,0.000e0,0.000e0,1.635e-15,,
2002739,B,LOSS_OXIDATION_EXPECTED,inorganic,30,2948,0.0808,0.2947,11,11,194,false,true,false,true,false,Monoclinic,0.000e0,0.000e0,0.000e0,1.635e-15,LOSS_OXIDATION_EXPECTED,
2002755,A,PASS,inorganic,26,2541,0.0589,0.1706,36,36,186,true,true,false,true,false,Orthorhombic,0.000e0,0.000e0,0.000e0,1.597e-15,,
2002755,B,LOSS_OCCUPANCY_EXPECTED,inorganic,26,2541,0.0589,0.3346,36,36,186,true,true,false,true,false,Orthorhombic,0.000e0,0.000e0,0.000e0,1.597e-15,LOSS_OCCUPANCY_EXPECTED; LOSS_OXIDATION_EXPECTED,
2002756,A,PASS,inorganic,66,3176,0.1154,0.6655,167,167,167,false,true,false,true,false,Trigonal,0.000e0,0.000e0,0.000e0,6.767e-6,,
2002756,B,LOSS_OXIDATION_EXPECTED,inorganic,66,3176,0.1154,0.7545,167,167,167,false,true,false,true,false,Trigonal,0.000e0,0.000e0,0.000e0,6.767e-6,LOSS_OXIDATION_EXPECTED,
2002849,A,PASS,inorganic,10,2476,0.0354,0.0567,63,63,194,true,true,false,true,false,Orthorhombic,0.000e0,0.000e0,0.000e0,1.184e-15,,
2002849,B,LOSS_OCCUPANCY_EXPECTED,inorganic,10,2476,0.0354,0.1180,63,63,194,true,true,false,true,false,Orthorhombic,0.000e0,0.000e0,0.000e0,1.184e-15,LOSS_OCCUPANCY_EXPECTED; LOSS_OXIDATION_EXPECTED,
2002852,A,PASS,inorganic,48,3034,0.0707,0.2945,1,1,143,false,true,false,true,false,Triclinic,0.000e0,0.000e0,0.000e0,1.413e-15,,
2002852,B,LOSS_OXIDATION_EXPECTED,inorganic,48,3034,0.0707,0.5624,1,1,143,false,true,false,true,false,Triclinic,0.000e0,0.000e0,0.000e0,1.413e-15,LOSS_OXIDATION_EXPECTED,
2003092,A,PASS,organic_or_metalorganic,228,9191,0.2838,0.9726,167,167,167,false,false,true,true,false,Trigonal,0.000e0,0.000e0,0.000e0,9.417e-6,,
2003092,B,PASS,organic_or_metalorganic,228,9191,0.2838,1.9164,167,167,167,false,false,true,true,false,Trigonal,0.000e0,0.000e0,0.000e0,9.417e-6,,
2003096,A,PASS,organic_or_metalorganic,228,9133,0.4135,1.0081,167,167,167,false,false,true,true,false,Trigonal,0.000e0,0.000e0,0.000e0,9.493e-6,,
2003096,B,PASS,organic_or_metalorganic,228,9133,0.4135,1.9260,167,167,167,false,false,true,true,false,Trigonal,0.000e0,0.000e0,0.000e0,9.493e-6,,
2003158,A,PASS,inorganic,114,11520,0.1837,0.5035,148,148,148,false,false,true,true,false,Trigonal,0.000e0,0.000e0,0.000e0,9.994e-6,,
2003158,B,PASS,inorganic,114,11520,0.1837,0.9903,148,148,148,false,false,true,true,false,Trigonal,0.000e0,0.000e0,0.000e0,9.994e-6,,
2003159,A,PASS,inorganic,168,12021,0.4832,0.7228,166,166,166,true,false,true,true,false,Trigonal,0.000e0,0.000e0,0.000e0,1.010e-5,,
2003159,B,LOSS_OCCUPANCY_EXPECTED,inorganic,168,12021,0.4832,1.4289,166,166,166,true,false,true,true,false,Trigonal,0.000e0,0.000e0,0.000e0,1.010e-5,LOSS_OCCUPANCY_EXPECTED,
2003162,A,PASS,inorganic,114,11457,0.1941,0.4912,148,148,148,false,false,true,true,false,Trigonal,0.000e0,0.000e0,0.000e0,1.003e-5,,
2003162,B,PASS,inorganic,114,11457,0.1941,0.9823,148,148,148,false,false,true,true,false,Trigonal,0.000e0,0.000e0,0.000e0,1.003e-5,,
2003245,A,PASS,inorganic,87,7685,0.2209,0.3755,143,143,166,false,false,true,true,false,Trigonal,0.000e0,0.000e0,0.000e0,1.022e-5,,
2003245,B,PASS,inorganic,87,7685,0.2209,0.7529,143,143,166,false,false,true,true,false,Trigonal,0.000e0,0.000e0,0.000e0,1.022e-5,,
2003271,A,PASS,organic_or_metalorganic,792,13492,0.9148,3.4797,9,9,161,false,false,true,true,false,Monoclinic,0.000e0,0.000e0,0.000e0,1.129e-5,,
2003271,B,PASS,organic_or_metalorganic,792,13492,0.9148,6.7191,9,9,161,false,false,true,true,false,Monoclinic,0.000e0,0.000e0,0.000e0,1.129e-5,,
2003474,A,PASS,organic_or_metalorganic,546,18608,0.7094,2.3685,170,170,170,false,false,true,true,false,Hexagonal,0.000e0,0.000e0,0.000e0,9.133e-6,,
2003474,B,PASS,organic_or_metalorganic,546,18608,0.7094,4.6062,170,170,170,false,false,true,true,false,Hexagonal,0.000e0,0.000e0,0.000e0,9.133e-6,,
2003510,A,PASS,organic_or_metalorganic,580,11167,0.4348,2.5146,1,1,130,false,false,true,true,false,Triclinic,0.000e0,0.000e0,0.000e0,4.984e-15,,
2003510,B,PASS,organic_or_metalorganic,580,11167,0.4348,4.9946,1,1,130,false,false,true,true,false,Triclinic,0.000e0,0.000e0,0.000e0,4.984e-15,,
2003622,A,PASS,organic_or_metalorganic,474,9411,0.5834,2.0272,171,171,171,false,false,true,true,false,Hexagonal,0.000e0,0.000e0,0.000e0,3.732e-6,,
2003622,B,PASS,organic_or_metalorganic,474,9411,0.5834,3.9470,171,171,171,false,false,true,true,false,Hexagonal,0.000e0,0.000e0,0.000e0,3.732e-6,,
2003675,A,PASS,organic_or_metalorganic,168,9359,0.1280,0.7130,9,9,161,false,false,true,true,false,Monoclinic,0.000e0,0.000e0,0.000e0,5.389e-6,,
2003675,B,PASS,organic_or_metalorganic,168,9359,0.1280,1.4178,9,9,161,false,false,true,true,false,Monoclinic,0.000e0,0.000e0,0.000e0,5.389e-6,,
2003788,A,PASS,organic_or_metalorganic,77,8448,0.1926,0.4276,2,2,147,false,false,true,true,false,Triclinic,0.000e0,0.000e0,0.000e0,2.708e-15,,
2003788,B,PASS,organic_or_metalorganic,77,8448,0.1926,0.8684,2,2,147,false,false,true,true,false,Triclinic,0.000e0,0.000e0,0.000e0,2.708e-15,,
2003910,A,PASS,organic_or_metalorganic,609,8754,0.5818,2.6563,1,1,148,false,false,true,true,false,Triclinic,0.000e0,0.000e0,0.000e0,1.448e-5,,
2003910,B,PASS,organic_or_metalorganic,609,8754,0.5818,5.1691,1,1,148,false,false,true,true,false,Triclinic,0.000e0,0.000e0,0.000e0,1.448e-5,,
2004237,A,PASS,inorganic,54,8418,0.2737,0.2275,166,166,166,false,false,true,true,false,Trigonal,0.000e0,0.000e0,0.000e0,1.259e-5,,
2004237,B,PASS,inorganic,54,8418,0.2737,0.4762,166,166,166,false,false,true,true,false,Trigonal,0.000e0,0.000e0,0.000e0,1.259e-5,,
2005206,A,PASS,organic_or_metalorganic,350,16781,0.4501,1.4349,1,1,14,false,false,true,true,false,Triclinic,0.000e0,0.000e0,0.000e0,4.284e-15,,
2005206,B,PASS,organic_or_metalorganic,350,16781,0.4501,2.9183,1,1,14,false,false,true,true,false,Triclinic,0.000e0,0.000e0,0.000e0,4.284e-15,,
2005383,A,PASS,organic_or_metalorganic,348,9008,0.4879,1.9354,76,76,92,false,false,true,true,false,Tetragonal,0.000e0,0.000e0,0.000e0,8.240e-15,,
2005383,B,PASS,organic_or_metalorganic,348,9008,0.4879,3.7752,76,76,92,false,false,true,true,false,Tetragonal,0.000e0,0.000e0,0.000e0,8.240e-15,,
2005812,A,PASS,organic_or_metalorganic,216,12293,0.3733,0.9312,170,170,170,false,false,true,true,false,Hexagonal,0.000e0,0.000e0,0.000e0,1.171e-5,,
2005812,B,PASS,organic_or_metalorganic,216,12293,0.3733,1.8146,170,170,170,false,false,true,true,false,Hexagonal,0.000e0,0.000e0,0.000e0,1.171e-5,,
2006066,A,PASS,organic_or_metalorganic,84,11278,0.0904,0.3835,145,145,145,false,false,true,true,false,Trigonal,0.000e0,0.000e0,0.000e0,3.672e-6,,
2006066,B,PASS,organic_or_metalorganic,84,11278,0.0904,0.7348,145,145,145,false,false,true,true,false,Trigonal,0.000e0,0.000e0,0.000e0,3.672e-6,,
2006321,A,PASS,organic_or_metalorganic,666,12506,0.8135,2.8225,148,148,148,false,false,true,true,false,Trigonal,0.000e0,0.000e0,0.000e0,1.577e-5,,
2006321,B,PASS,organic_or_metalorganic,666,12506,0.8135,5.4654,148,148,148,false,false,true,true,false,Trigonal,0.000e0,0.000e0,0.000e0,1.577e-5,,
2006776,A,PASS,inorganic,22,9939,0.2279,0.1419,164,164,164,true,false,true,true,false,Trigonal,0.000e0,0.000e0,0.000e0,1.997e-16,,
2006776,B,LOSS_OCCUPANCY_EXPECTED,inorganic,22,9939,0.2279,0.2834,164,164,164,true,false,true,true,false,Trigonal,0.000e0,0.000e0,0.000e0,1.997e-16,LOSS_OCCUPANCY_EXPECTED,
2006992,A,PASS,organic_or_metalorganic,243,13765,0.3572,1.0271,146,146,146,false,false,true,true,false,Trigonal,0.000e0,0.000e0,0.000e0,1.260e-5,,
2006992,B,PASS,organic_or_metalorganic,243,13765,0.3572,2.0499,146,146,146,false,false,true,true,false,Trigonal,0.000e0,0.000e0,0.000e0,1.260e-5,,
2008132,A,PASS,inorganic,39,6503,0.1921,0.1880,166,166,166,false,false,true,true,false,Trigonal,0.000e0,0.000e0,0.000e0,7.872e-6,,
2008132,B,PASS,inorganic,39,6503,0.1921,0.3659,166,166,166,false,false,true,true,false,Trigonal,0.000e0,0.000e0,0.000e0,7.872e-6,,
2009101,A,PASS,inorganic,14,9152,0.1065,0.1269,164,164,164,false,false,true,true,false,Trigonal,0.000e0,0.000e0,0.000e0,3.618e-6,,
2009101,B,PASS,inorganic,14,9152,0.1065,0.2474,164,164,164,false,false,true,true,false,Trigonal,0.000e0,0.000e0,0.000e0,3.618e-6,,
2010257,A,PASS,inorganic,30,5463,0.1201,0.3243,167,167,167,false,false,true,true,false,Trigonal,0.000e0,0.000e0,0.000e0,5.851e-6,,
2010257,B,PASS,inorganic,30,5463,0.1201,0.5524,167,167,167,false,false,true,true,false,Trigonal,0.000e0,0.000e0,0.000e0,5.851e-6,,
2010341,A,PASS,organic_or_metalorganic,408,21587,0.5200,1.7568,170,170,170,false,false,true,true,false,Hexagonal,0.000e0,0.000e0,0.000e0,1.742e-5,,
2010341,B,PASS,organic_or_metalorganic,408,21587,0.5200,3.4361,170,170,170,false,false,true,true,false,Hexagonal,0.000e0,0.000e0,0.000e0,1.742e-5,,
2010760,A,PASS,organic_or_metalorganic,132,9469,0.1203,0.5613,146,146,146,false,false,true,true,false,Trigonal,0.000e0,0.000e0,0.000e0,9.804e-6,,
2010760,B,PASS,organic_or_metalorganic,132,9469,0.1203,1.1228,146,146,146,false,false,true,true,false,Trigonal,0.000e0,0.000e0,0.000e0,9.804e-6,,
2011820,A,PASS,inorganic,30,12418,0.1430,0.1886,185,185,185,false,false,true,true,false,Hexagonal,0.000e0,0.000e0,0.000e0,6.815e-16,,
2011820,B,PASS,inorganic,30,12418,0.1430,0.3748,185,185,185,false,false,true,true,false,Hexagonal,0.000e0,0.000e0,0.000e0,6.815e-16,,
2011945,A,PASS,inorganic,207,11141,0.1560,0.8790,180,180,180,false,false,true,true,false,Hexagonal,0.000e0,0.000e0,0.000e0,4.138e-6,,
2011945,B,PASS,inorganic,207,11141,0.1560,1.7038,180,180,180,false,false,true,true,false,Hexagonal,0.000e0,0.000e0,0.000e0,4.138e-6,,
2015632,A,PASS,organic_or_metalorganic,150,12863,0.1550,0.6108,169,169,169,true,false,true,true,false,Hexagonal,0.000e0,0.000e0,0.000e0,3.293e-6,,
2015632,B,LOSS_OCCUPANCY_EXPECTED,organic_or_metalorganic,150,12863,0.1550,1.2693,169,169,169,true,false,true,true,false,Hexagonal,0.000e0,0.000e0,0.000e0,3.293e-6,LOSS_OCCUPANCY_EXPECTED,
2017068,A,PASS,inorganic,48,6336,0.0880,0.2815,185,185,185,false,false,false,true,false,Hexagonal,0.000e0,0.000e0,0.000e0,1.198e-15,,
2017068,B,PASS,inorganic,48,6336,0.0880,0.5571,185,185,185,false,false,false,true,false,Hexagonal,0.000e0,0.000e0,0.000e0,1.198e-15,,
2017527,A,PASS,inorganic,24,7498,0.0797,0.1535,186,186,186,false,false,false,true,false,Hexagonal,0.000e0,0.000e0,0.000e0,1.833e-15,,
2017527,B,PASS,inorganic,24,7498,0.0797,0.3137,186,186,186,false,false,false,true,false,Hexagonal,0.000e0,0.000e0,0.000e0,1.833e-15,,
2017834,A,PASS,organic_or_metalorganic,1026,47791,1.7846,4.4993,170,170,170,true,false,true,true,false,Hexagonal,0.000e0,0.000e0,0.000e0,7.372e-6,,
2017834,B,LOSS_OCCUPANCY_EXPECTED,organic_or_metalorganic,1026,47791,1.7846,8.4111,170,170,170,true,false,true,true,false,Hexagonal,0.000e0,0.000e0,0.000e0,7.372e-6,LOSS_OCCUPANCY_EXPECTED,
2023290,A,PASS,inorganic,652,310970,4.8777,2.7845,173,173,194,true,false,true,true,false,Hexagonal,0.000e0,0.000e0,0.000e0,1.281e-14,,
2023290,B,LOSS_OCCUPANCY_EXPECTED,inorganic,652,310970,4.8777,5.4388,173,173,194,true,false,true,true,false,Hexagonal,0.000e0,0.000e0,0.000e0,1.281e-14,LOSS_OCCUPANCY_EXPECTED,
2100579,A,PASS,organic_or_metalorganic,234,9845,0.3517,1.1472,169,169,169,false,false,false,true,false,Hexagonal,0.000e0,0.000e0,0.000e0,6.758e-6,,
2100579,B,PASS,organic_or_metalorganic,234,9845,0.3517,1.9444,169,169,169,false,false,false,true,false,Hexagonal,0.000e0,0.000e0,0.000e0,6.758e-6,,
2101510,A,PASS,organic_or_metalorganic,72,4897,0.0544,0.3181,172,172,181,false,false,true,true,false,Hexagonal,0.000e0,0.000e0,0.000e0,3.631e-6,,
2101510,B,PASS,organic_or_metalorganic,72,4897,0.0544,0.6309,172,172,181,false,false,true,true,false,Hexagonal,0.000e0,0.000e0,0.000e0,3.631e-6,,
2101918,A,PASS,organic_or_metalorganic,60,8762,0.0983,0.2657,169,169,178,false,false,true,true,false,Hexagonal,0.000e0,0.000e0,0.000e0,3.678e-6,,
2101918,B,PASS,organic_or_metalorganic,60,8762,0.0983,0.5342,169,169,178,false,false,true,true,false,Hexagonal,0.000e0,0.000e0,0.000e0,3.678e-6,,
2102253,A,PASS,inorganic,2,2472,0.0310,0.0354,187,187,187,false,false,false,true,false,Hexagonal,0.000e0,0.000e0,0.000e0,0.000e0,,
2102253,B,PASS,inorganic,2,2472,0.0310,0.0730,187,187,187,false,false,false,true,false,Hexagonal,0.000e0,0.000e0,0.000e0,0.000e0,,
2102265,A,PASS,inorganic,2,2478,0.0200,0.0251,187,187,187,false,false,false,true,false,Hexagonal,0.000e0,0.000e0,0.000e0,0.000e0,,
2102265,B,PASS,inorganic,2,2478,0.0200,0.0520,187,187,187,false,false,false,true,false,Hexagonal,0.000e0,0.000e0,0.000e0,0.000e0,,
2102271,A,PASS,inorganic,2,2472,0.0193,0.0253,187,187,187,false,false,false,true,false,Hexagonal,0.000e0,0.000e0,0.000e0,0.000e0,,
2102271,B,PASS,inorganic,2,2472,0.0193,0.0638,187,187,187,false,false,false,true,false,Hexagonal,0.000e0,0.000e0,0.000e0,0.000e0,,
2102280,A,PASS,inorganic,2,2479,0.0213,0.0260,187,187,187,false,false,false,true,false,Hexagonal,0.000e0,0.000e0,0.000e0,0.000e0,,
2102280,B,PASS,inorganic,2,2479,0.0213,0.0527,187,187,187,false,false,false,true,false,Hexagonal,0.000e0,0.000e0,0.000e0,0.000e0,,
2102289,A,PASS,inorganic,2,2472,0.0282,0.0248,187,187,187,false,false,false,true,false,Hexagonal,0.000e0,0.000e0,0.000e0,0.000e0,,
2102289,B,PASS,inorganic,2,2472,0.0282,0.0524,187,187,187,false,false,false,true,false,Hexagonal,0.000e0,0.000e0,0.000e0,0.000e0,,
